{
  "best_fitness": -0.31375,
  "lead_weights": [
    1.0256073153203773,
    1.323439050975349,
    1.4667478565228866,
    0.693430752655056,
    0.44231695603748067,
    0.7093202532136625,
    0.7124555765686225,
    1.2851321535594837,
    0.9245074748076726,
    0.7060405944539097,
    1.6470333521765437,
    0.5090346245415611,
    0.43679155216358834,
    0.956625125626106,
    0.8023770200242997,
    0.2208211219975652,
    0.6212103269095168,
    0.32496546792680103,
    0.37600942193054065,
    0.7144189171605366,
    1.2045280442962345,
    1.203456658527477,
    1.211463991535975,
    0.7808750924051525,
    1.501239168187145,
    0.6696155691437758,
    0.6655165692276194,
    1.3791143759014155,
    1.6988197676381938,
    1.5409346298424031,
    0.9990482577834664,
    1.0241095209566093,
    0.6242051594460107,
    1.9524151907441303,
    1.254762600508534,
    0.812279619023714,
    0.5988455185108608,
    0.7348536506468992,
    1.6272489414734133,
    1.0837409026374947,
    0.5447414201700792,
    0.9668865097217341,
    1.159522730481957,
    0.7983983530154297,
    1.3327708366584177,
    1.4977162612756065,
    0.8886146792930746,
    1.1505058169745357,
    1.2145792625107694,
    1.145108417519185,
    0.5392396647629705,
    0.2958874275319139,
    0.36510678522172835,
    0.8561976138893483,
    0.8247724503572362,
    1.3097467608911493,
    0.5641931602232635,
    1.5653748473337816,
    0.5758678173854375,
    0.9491315491650927,
    1.2836937978135436,
    1.2888917758404328,
    1.0668739193695969,
    1.22836756999713,
    0.3766473193687599,
    1.152923482913456,
    0.7800450272189771,
    1.3634668952690654,
    0.9588264006644182,
    0.5080348949933516,
    1.5099691140626457,
    0.5559284711187118,
    0.7593301719020356,
    1.3216227651384538,
    0.4675063178424078,
    0.8443842729632041,
    0.8799801706288689,
    1.510586877724812,
    0.3437684034150251,
    1.350561098366945,
    1.2986341727530881,
    0.8809145419503072,
    1.097768769248641,
    0.3991229495607524,
    1.2700629400735663,
    1.4866897441051896,
    1.3750645312183272,
    0.5574498380467587,
    1.1728795577313766,
    0.6310869358591342,
    0.775750326370676,
    0.9971352965981971,
    1.5631842625777428,
    1.629022929724857,
    1.0487257785922235,
    0.4587705840393053,
    1.417793154350588,
    1.0975700010240854,
    0.6651248847414843,
    1.2184293786842084,
    0.447621628737533,
    0.5891471526232176,
    0.5801137528135734,
    0.5966486919159206,
    0.8750580883144972,
    0.32573827485888246,
    1.3735251910956572,
    0.9030540122397072,
    0.6921010520143851,
    0.9441788416056252,
    1.5191635746704115,
    1.4822778516350843,
    1.1628760439582904,
    0.9432221588958567,
    1.3521315629640476,
    0.6627981258569235,
    1.2226803518231595,
    1.113405683218498,
    0.6688281807487135,
    1.209286274407329,
    0.6118143692044795,
    1.5574291711113308,
    0.7583715541680884,
    1.0598020381259134,
    0.7976770708490579,
    1.4082798888295158,
    0.6299699557035164,
    1.0478977633400413,
    0.9898504361194073,
    1.579816143514572,
    0.7877451041267831,
    0.7355360859504676,
    1.622468775348822,
    0.7570341073151602,
    0.5708526229137035,
    1.0385092427905054,
    0.24086005926887777,
    1.133625308095656,
    1.5833272435188979,
    1.3839611140007357,
    0.7364850209415288,
    0.6490661930817851,
    1.420113680557412,
    0.6598871259877299,
    1.5623968802099701,
    1.1834342163433806,
    1.2479858916634363,
    1.2054981513855436,
    1.6912255276032682,
    0.9914471553731764,
    1.5220141466356485,
    1.080983941286287,
    0.8683807280989749,
    0.8130062279897101,
    1.060017376635542,
    0.9405592631784391,
    1.0198505226173329,
    1.0179182879191633,
    1.894513225225502,
    0.7832739919534426,
    1.4486363932038566,
    0.7945109401523007,
    0.7718314782760404
  ],
  "follow_weights": [
    1.021457503470736,
    0.7587241954899107,
    1.4433716202172275,
    0.9666597936176,
    1.2527796220388145,
    1.0139896315024026,
    1.4619793466966462,
    1.5028446614880009,
    0.5419757767866252,
    1.2821731675890173,
    1.506104370525371,
    0.9698892812550034,
    0.8269113938633313,
    1.0161916876486008,
    0.7480519438381559,
    1.6644929287488284,
    1.8941083214562804,
    0.6719756049674317,
    1.4826540394488794,
    0.7069091725303774,
    0.4429953085686499,
    0.25500834265259686,
    0.85688990347364,
    1.0978930073200777,
    1.145739237145168,
    1.4824194490802338,
    1.0783637731756643,
    0.5277721034270205,
    0.6122141807228204,
    1.1355563778734503,
    1.1737615249325768,
    0.8858895766293533,
    1.131705057231488,
    1.312369693221523,
    1.0648404198614898,
    0.7199635874705589,
    0.8104458841459807,
    1.2461777005615786,
    1.631136578402327,
    1.4706991061249128,
    1.5964837803684249,
    0.9316303733418134,
    1.3233454069757657,
    0.7768688600063685,
    1.5567830676115433,
    0.8908242946002389,
    0.7324967350279548,
    1.2911818130456998,
    1.0794573993505256,
    0.1962380521567667,
    0.8480285694502344,
    1.0299483207611972,
    1.0990175261403108,
    1.1266247876831885,
    0.4487606304970426,
    1.3516144535021528,
    0.7949026533385902,
    0.926013247068783,
    0.8012475813840295,
    0.13520167048636156,
    1.3206783114370042,
    0.8823224931332068,
    0.9503379126906394,
    0.6128847529657819,
    1.07893698450594,
    0.8320555329030531,
    1.1154424580747022,
    1.4651609679266295,
    1.2145660468353443,
    0.4220734133827986,
    1.4698369723291425,
    0.7088450824861372,
    1.156655495354977,
    1.5680231232090405,
    1.133320758843524,
    0.2827463123799129,
    1.6738358276635292,
    0.6939362539453912,
    1.0890733380387452
  ]
}