{
  "best_fitness": -3.7655,
  "lead_weights": [
    1.1226918024600696,
    1.4098808694332192,
    1.205243180067312,
    1.2821510243213483,
    1.0240671744776337,
    0.6859476907477531,
    1.28701368394133,
    1.4334397474932281,
    1.1095563528936272,
    0.6795892624713318,
    1.2928123708161996,
    1.405356017588741,
    1.3664652003542619,
    1.038026842491445,
    0.803345896356968,
    1.3341199143801097,
    1.1034307599598936,
    1.2601436623417759,
    0.8961209454385464,
    0.5478430425833956,
    1.0662159965051343,
    1.1400135425196414,
    1.5314187198856075,
    0.8557345172804138,
    1.5962954076462013,
    0.8657475417001705,
    0.8005848356089024,
    1.0978435517787626,
    1.4598792394095845
  ],
  "follow_weights": [
    1.0423654177043746,
    0.6918250596519997,
    0.8392270289249953,
    0.9589383443695085,
    0.7964899150411504,
    0.8300736961911008,
    0.8396984905825204,
    1.064614235697634,
    1.137378592787003,
    1.2171994889475872,
    0.6630646461086492,
    1.1909502754643206,
    1.1555521127579857,
    1.10431319385319,
    0.8465312507564225,
    1.3212890951037854,
    1.0119331947549517,
    1.0453592805094558,
    1.1986154717670772,
    0.2897689157054739,
    1.0913097982660844,
    1.139038474957791,
    0.9409380926737372,
    0.8887896762572447,
    0.9549430220749545,
    1.4217957199893259,
    1.1498522835877258,
    0.4951441995614333,
    1.2603092793979658,
    0.3971026425401142,
    0.673595323815807,
    0.686912732567722,
    0.42361748345592753,
    0.7064820857533296,
    1.6116688197914932,
    0.6239385617947746,
    0.6389636849339865,
    1.3354041899455504,
    0.7799747689767522,
    0.5620468802182008,
    1.2723748841393725,
    1.0598260673805346,
    1.2582635627216407,
    0.8593189553834728,
    1.2487365986533148,
    0.8949897760985358,
    0.7925049134418684,
    1.28214201424966,
    0.6669853201034267,
    1.1809065401458376,
    1.5163005222519939,
    1.4638947440309287,
    0.38977318678533956,
    0.945648381403885,
    1.0820309979945237,
    1.1520059111212109,
    1.245648017143208,
    1.1918531782177149,
    1.4461149721408426,
    0.8243244641651236,
    1.1432147156906258,
    0.4345358327541327
  ]
}